{
  "production": true,
  "isRedisCacheEnabled": false,
  "apiUrl": "http://10.1.61.218",
  "userName": "MagentoAPIAccess",
  "pwd": "VdIuJcS0HMGY",
  "nodeUrl": "http://10.1.61.218",
  "apiGateWayUrl": "http://10.5.133.84:8001",
  "apiGateWayUserName": "newCelcomApp",
  "apiGateWayPassword": "newce!c0m@99%",
  "redisConfig": [
    {
      "port": "6379",
      "host": "10.1.61.212"
    }
  ],
  "elasticSearchUrl": "http://10.1.61.211",
  "feedbackSheetUrl": "https://script.google.com/macros/s/AKfycbyjiwq0KVsGz4FM0cX96fztsi2YbUr8PSHWMJe7XZH23Nx7E0hf/exec",
  "eStoreUrl": "http://10.1.58.36",
  "eStoreToken": "fxb2isdp8bnqs5cc3smgcq66q4c2yg7u"
}
