{  
  "Items":[  
    {  
        "Title":"Try Celcom",
        "BannerImage":"  \u0022\/sites\/default\/files\/banner-image\/home-banner.png",
        "MobileImage":"  \u003Cimg src=\u0022\/sites\/default\/files\/mobile-image\/home-banner.png\u0022 width=\u00221440\u0022 height=\u0022896\u0022 alt=\u0022Mobile ALT\u0022 title=\u0022Mobile Title\u0022 typeof=\u0022foaf:Image\u0022 \/\u003E\n\n",
        "Button":"\u003Ca href=\u0022http:\/\/example.com\u0022\u003EMake the Switch\u003C\/a\u003E"
    }
  ]
} 