{
    "Items":[
       {
          "field_background_image":"\/sites\/default\/files\/Block-Desktop-Image\/section-banner.png",
          "field_action_button_link":"http://www.google.com",
          "field_action_button_text":"Action Button Text",
          "field_background_color":"is-bg-color-white",
          "field_description_for_desktop":"Description for Desktop",
          "field_description_for_mobile":"Description for Mobile",
          "field_description_text_2_for_mob":"Description Text 2 for Mobile",
          "field_background_image_1":"./assets/img/bg-rocket.png",
          "field_background_image_mobile":"\/sites\/default\/files\/Block-Mobile-Image\/horsehead_med_res.jpg",
          "field_rating_score":"4.5",
          "field_title":"Ranked No 1 Ranked No 1 Ranked No 1 Ranked No 1 Ranked No 1"
       }
    ],
    "Status":"200",
    "StatusMessage":"SUCCESS"
 }
 